window_size,rtt,throughput,bytes_in_flight,packet_loss,congested,resend_time_after_congestion
953,25.936825363281663,43.797436317825024,9502,0.005901197573892908,0,0.0
467,79.93966923869696,10.700469546303466,2585,0.036697477679706623,1,239.925066895361
348,131.4059355301789,9.593598289221712,2148,0.02653502197131093,1,243.83029399210898
1619,47.60055963689602,35.62212997250688,15000,0.0030907909423805455,0,0.0
1172,40.824397529345035,48.714958908372594,11479,0.013807583077041814,0,0.0
1318,25.424485005350697,40.5955845463321,7235,0.008407567704698872,0,0.0
1178,36.907909229501364,47.530866572289156,5981,0.007711998014798426,0,0.0
410,133.7754023768531,9.40776667150021,2385,0.028391657641898545,1,177.42773048375332
850,43.1917451041918,46.44850194216866,8488,0.006691210903459914,0,0.0
439,70.17117199452025,12.362853240227942,2594,0.0244745280812989,1,198.12182453169044
874,21.248275303542556,49.68932640314227,6572,0.004794437737752684,0,0.0
426,126.23063061489333,10.885153893783357,3937,0.0375473113738021,1,183.79115694796795
443,128.1473651158612,11.174004355713132,2260,0.03371122621311247,1,90.12494973689851
1227,46.713400764504655,43.074678603758294,9850,0.0057135996544577065,0,0.0
1143,42.131966282376894,45.063041477557825,7298,0.015757925527051686,0,0.0
1178,32.48030668261181,42.39511158281197,10976,0.00925715220426038,0,0.0
1819,36.80946064333382,43.68531835291687,11677,0.009839796633983431,0,0.0
1148,32.03974143196511,46.696746824593404,9685,0.011413330342005987,0,0.0
1302,50.76007138598598,37.0531304033444,10899,0.003735950164044359,0,0.0
1070,40.21311648671942,36.87296938408017,6535,0.013256875727366096,0,0.0
1259,59.01190685753008,33.89165956935031,6514,0.00047312846451477274,0,0.0
1152,39.39339186185379,32.19783116397032,8119,0.005693700769884439,0,0.0
1117,32.91593233089537,35.26173846223617,7205,0.006622904980463299,0,0.0
1563,24.86285607387173,46.27570005443303,14144,0.009745170094911517,0,0.0
1435,21.96860323744055,37.85769987606493,12921,0.008656154798424463,0,0.0
354,110.72483629594082,8.447507333067097,2580,0.031084300226439612,1,106.33799440904241
739,42.67126651011483,45.2777099900205,5937,0.00796400796611683,0,0.0
1127,45.08725023229934,29.25196629249557,9046,0.005065930929432296,0,0.0
1740,24.188092979678665,50.23980467377352,15000,0.0035083028165474803,0,0.0
1153,48.950383140761154,51.48638916473368,8221,0.010179534867008181,0,0.0
1420,35.1693894831656,37.04909860132118,9059,0.010081118337608556,0,0.0
1488,41.467930119855495,48.361532343159936,9414,0.012753483125471176,0,0.0
1243,56.122206282554245,38.14801410072641,9553,0.005629948709554376,0,0.0
401,125.89664329534725,11.357514467764176,2911,0.02995366257710766,1,174.50530235671835
468,150.95533618405904,15.665114086958404,3373,0.026968891660466857,1,209.1085313856051
435,75.43318880889083,13.628303524236532,2373,0.027681426915841145,1,244.59388172851374
1037,18.48184598670695,41.93746248309625,8911,0.011065888330034425,0,0.0
1235,32.8084668075758,44.01016842980131,7496,0.00863362819767337,0,0.0
950,37.88869761172305,41.81856245108317,5685,0.006981409530002041,0,0.0
1146,30.12820472848816,35.52775553421952,8101,0.010882796535824784,0,0.0
1206,38.68743032907695,41.8008075029509,7408,0.009940713569769697,0,0.0
1253,40.768518829587684,47.15435802064587,9928,0.005946678793741452,0,0.0
977,37.751440181919214,44.6408557590197,6699,0.0040166039795617075,0,0.0
449,109.11484318681023,9.18962030639285,3253,0.02646600525960889,1,195.13444246492045
1080,41.68654671966728,39.63907839636614,8305,0.012546241446044628,0,0.0
865,44.41940649569409,54.37374331772928,5205,0.011439461476199115,0,0.0
1178,29.09600922557154,35.59061330756175,6808,0.0046630175909882585,0,0.0
1206,54.1093237974627,48.90048237669375,11347,0.004496727752300237,0,0.0
1232,39.014118677157384,54.455128743679694,8832,0.01182405154903846,0,0.0
1472,40.188496229448475,48.84726474199116,10396,0.004593092285726513,0,0.0
502,79.66648466897169,8.592256826346562,2600,0.04935570993163624,1,169.44574687616412
378,92.44044160547405,10.15106802374089,2837,0.016715941191580375,1,187.96378480054747
485,89.87577699743797,15.125777537016395,3770,0.014316242845689681,1,114.94297628663791
487,96.96607304687615,11.452013836341392,3797,0.03589395278931613,1,218.70310440655217
1236,33.87562625359562,37.23900591696285,10556,0.011430084590617486,0,0.0
455,127.02644197609563,11.40032360745024,2682,0.03507727893175685,1,203.18511798828854
819,28.562737926793382,54.90123006009598,5128,0.00875658456270286,0,0.0
1488,41.085597057765234,48.038141088327166,13479,0.0020890742559457973,0,0.0
954,39.66770009355539,37.25563393191804,9292,0.0013912599403828442,0,0.0
1081,37.918831427274604,42.517538356920774,6143,0.007338302179198058,0,0.0
1271,38.71462488561069,40.08541484722964,9522,0.008740718190249835,0,0.0
960,21.18150954502361,39.32168806213172,5832,0.0046244065167868305,0,0.0
491,86.31833935313105,14.95386885223655,2603,0.04603720013722597,1,256.17136435478807
775,40.928449011411146,34.02605496589196,5137,0.0096844178894784,0,0.0
1344,41.598563919974005,57.87024684587499,7686,0.009688563441371392,0,0.0
1090,29.72324859074042,51.62583752147698,9327,0.007586776818836219,0,0.0
1785,52.65707840864701,53.726893364829586,13691,0.010340605163558225,0,0.0
418,193.65900419732682,10.3254751379006,2391,0.031665393068182286,1,265.2481344395209
1015,49.69457200526737,43.80047424736713,5125,0.006932195248739088,0,0.0
478,104.07009134994547,10.921754593702042,4328,0.013642001512651946,1,107.90404605342286
292,101.30578420725706,10.903462410149846,1720,0.042597872369530776,1,265.24173816596647
1105,57.75310892609512,48.949238781145205,8882,0.008378937543760998,0,0.0
1322,28.0636316824352,55.36850449425117,8840,0.01491783975790322,0,0.0
458,155.67049593322656,12.441082854027734,3638,0.03642044478830546,1,214.06741737447885
520,162.61512743969564,14.435918304611118,3426,0.028270946679905987,1,182.75084190214662
590,102.87761118751571,10.973607270973208,3209,0.041628410930216325,1,211.35144301944726
502,95.02933280687314,10.564162218504796,3071,0.04393188347207252,1,170.40619668284538
1096,37.49953485401047,49.7307939340672,6512,0.010578892360564538,0,0.0
1139,42.88693629279857,39.20807734605913,8138,0.005053941508367286,0,0.0
1073,42.603218387712204,43.43687719058381,8902,0.005939802813297946,0,0.0
421,126.087690625539,10.937571410784804,2663,0.034959271628785656,1,153.7537092140363
1445,48.10808273159782,38.68529195424261,7315,0.01039570001933177,0,0.0
1133,47.93488720552213,44.943640116155564,8605,0.011362809537218738,0,0.0
841,22.514680267618193,43.27512337145582,6753,0.012708885760818479,0,0.0
1086,53.043402428781526,42.025136941770675,10664,0.007797660324334454,0,0.0
1080,23.375080119643258,39.172307026557256,8583,0.011580835265517765,0,0.0
461,128.57596172174715,10.322828403105538,3394,0.02661499383616048,1,231.279565125328
1060,51.26705136827583,58.22893814793828,8342,0.010706273934764804,0,0.0
458,139.7563281801849,13.069634672691821,4422,0.03285462335482037,1,148.6823188805052
1122,35.891857120454155,52.96894571928903,10263,0.009337033721245771,0,0.0
1072,28.94295331514064,33.8782245987723,7097,0.009270523622066113,0,0.0
531,96.05108266384639,12.91677340710297,3288,0.02624185175353707,1,199.6468547724585
375,78.62042315956418,7.8259459627958625,2369,0.04032783209322625,1,180.1225651727111
1017,47.796605322693395,33.18460057974479,7656,0.008307624319452568,0,0.0
413,119.00619081378609,11.937882134258196,3605,0.032848861998295106,1,249.38642579623
1003,53.95683810789956,54.53519467530858,7546,0.010493633309599269,0,0.0
876,34.37831973421698,52.60012662935716,4679,0.010614667898864425,0,0.0
1276,37.90778126255472,46.944037776435195,10997,0.008981511658633371,0,0.0
1036,23.165618077790498,32.73839552088055,9359,0.004636597961726234,0,0.0
1264,31.94129933503811,43.4297547888965,8151,0.012140416816605545,0,0.0
719,49.64851633097457,47.413600071213885,5984,0.014111631919155074,0,0.0
1478,56.15582823548232,46.404289836628784,10546,0.008441230482337922,0,0.0
1334,27.65651128120078,30.249651332154034,12604,0.009531606135353709,0,0.0
899,34.075357408471056,37.87745721584103,8302,0.008605215964388131,0,0.0
487,140.45674468878934,6.504990314549531,3721,0.04993003104443204,1,326.51848343208445
1534,42.80161158819607,49.29032727613752,12977,0.007641323730120812,0,0.0
1052,31.90396480078354,27.43097743120043,9911,0.00789630728046859,0,0.0
546,109.22123727638821,14.776675556416896,4087,0.04955600479257298,1,160.15066655930613
746,35.26160652929084,46.144390159031616,4903,0.015036872485689322,0,0.0
1129,39.855477291217206,51.796895908129706,9906,0.0037997862967947835,0,0.0
1154,45.462842480037,50.5428606738995,7042,0.0076885625467911,0,0.0
1343,40.064222698109376,49.66057055047044,9324,0.004458618544303754,0,0.0
415,152.00024068767462,13.536414433263474,3879,0.04391863022160749,1,187.70023308221496
442,155.0788677133702,12.430793010912575,3815,0.023867051658853694,1,222.3351805404572
1290,39.11637040794665,41.85557794350879,9055,0.0036703976186426178,0,0.0
449,139.46129662768928,19.852475412872653,2729,0.04494558235741622,1,200.32743289022696
348,114.98645759049437,7.831774121002823,2364,0.027382396293173544,1,227.1211984766051
1416,55.986471705047165,50.684392818382285,9093,0.009990793605682289,0,0.0
490,156.1952689952507,11.425104961199288,2882,0.0507587580950197,1,277.89527161591786
1418,37.045196819708394,48.03711718708772,12363,0.009227422768327982,0,0.0
426,131.06019926618703,11.908975509397516,2669,0.027732258621661572,1,132.75361064674138
388,108.19983563017918,11.151527333203912,2827,0.02622382643137095,1,146.24484759416222
1169,51.73124637586641,58.35255620661065,8104,0.007664458687741061,0,0.0
1412,43.69642192198094,37.45953595366499,13993,0.0066419295544714,0,0.0
1021,38.92697855995771,57.91823032567881,7103,0.004496404078124869,0,0.0
1122,44.477169258102776,42.42377476406353,6060,0.0070148742217495934,0,0.0
420,79.20431577060242,11.167611190229492,2289,0.04799149820547668,1,222.73521982083872
380,142.38760698081663,9.739861321919285,3028,0.04167548080369996,1,196.69170327267827
1534,28.060749936009444,49.68723360931719,12269,0.009932931500324602,0,0.0
1019,41.429430947637066,39.105838912419024,7233,0.008439426834959955,0,0.0
1301,57.32514999485092,33.6778624646065,9315,0.009569971348185767,0,0.0
1182,62.31300146192632,46.74827233928757,6232,0.005598228972955683,0,0.0
1451,46.380511014407574,53.07577430876775,11006,0.0070714703422183126,0,0.0
1281,45.00844474944457,38.24046849125203,9639,0.008576012710906031,0,0.0
373,117.14113402839143,13.371015477580409,2147,0.03665240050064925,1,205.1539110765424
1021,34.57326200265978,44.26524188532036,5636,0.00896056356476562,0,0.0
1359,32.12216248091761,44.300517369782554,7637,0.007584994153950866,0,0.0
427,125.59827369469075,13.337309609515813,2353,0.02068645152945573,1,185.0225294400404
1329,38.318561814152105,52.59675657091591,10697,0.017473313849132893,0,0.0
527,125.82269978694923,14.591743563726029,3156,0.018841535290331682,1,131.24573834164576
549,152.20895249579317,10.56233522478254,3440,0.03872648186480056,1,176.87335168433106
1232,47.47910256117534,46.79387795628234,7230,0.007300374505380818,0,0.0
1328,29.272569742601934,42.2285879519448,13008,0.0066463435191683705,0,0.0
1216,42.39246864111149,32.10746112717737,11279,0.007607598218819133,0,0.0
849,60.740826697499735,42.898723837470655,5226,0.00887848653076005,0,0.0
1027,30.806154084135766,42.30890443671091,6822,0.002358693367810756,0,0.0
1334,14.697124772536704,52.68243837025176,8072,0.0032918312138759493,0,0.0
1233,37.139957781198895,48.69986899253483,9199,0.006089352833183128,0,0.0
1436,51.00959634998571,35.56504702693906,7321,0.008621418310335706,0,0.0
1280,59.583474542205934,46.3780350912883,10702,0.007282180558544446,0,0.0
515,103.34401419920405,13.738309184993794,3928,0.037100083080225894,1,246.1522413613381
1040,44.966992232365214,57.22425087510266,9880,0.003552809639012694,0,0.0
1220,35.34689543219947,52.10003173931248,7106,0.0057459635911898885,0,0.0
737,38.94051645695864,51.08677323449182,6649,0.012560275222973304,0,0.0
422,133.20043350159997,13.752093585059589,3784,0.028687588637593,1,126.98487823953887
1288,24.970296716048466,48.106496043387594,7261,0.010654527748403475,0,0.0
1445,42.537396614945735,54.99603920564927,10107,0.01415374082980839,0,0.0
523,141.2506934189806,11.540902689279307,3064,0.026901099009105922,1,232.54828393897208
1448,50.857863249393475,42.20448538226435,9089,0.007702056986623904,0,0.0
365,103.07764107789815,11.215057787878255,2311,0.03793352036322983,1,142.1501772167818
935,43.08050539504102,48.033224949809,7281,0.0021362209865501735,0,0.0
1354,36.08351432578209,54.8417774052063,9557,0.007068809588732093,0,0.0
1200,42.69126941245107,40.22420570623141,11688,0.010643186562141997,0,0.0
891,36.5680772450259,25.877565060244496,5018,0.009621768625436723,0,0.0
1298,46.21571889856051,41.70223403980424,12814,0.00985724950816403,0,0.0
512,87.89745701021542,9.704617220368664,3152,0.02775138916199948,1,216.82915227295175
1079,43.77100393902187,49.301039223599034,9571,0.006031708291983076,0,0.0
1433,39.707371863150215,48.425489982484606,9594,0.011807767015695862,0,0.0
866,51.26050250772168,42.760053585004165,4953,0.006508048560926991,0,0.0
901,39.48606276411514,34.76775411024171,8370,0.008882246116379642,0,0.0
1227,22.269675317931185,49.12235457299574,8031,0.008490004042032616,0,0.0
1205,52.619215007139914,38.325745519723,9995,0.012385151048771356,0,0.0
1056,30.94267699137381,62.47277386704365,8276,0.010914237073017079,0,0.0
1361,33.4623366135118,49.56405766683613,10022,0.004114224137998638,0,0.0
1306,34.04338705956508,40.35481357956839,9769,0.004437340499674879,0,0.0
1371,53.74438093170817,40.108918020890975,11879,0.009736729454207402,0,0.0
1175,18.643257860213044,44.25644634709129,6392,0.007806987057862501,0,0.0
1320,71.37748533659993,43.083984623826005,11014,0.006634484648138709,0,0.0
446,137.0930184069661,14.271240294365889,4236,0.060988229000745825,1,246.65333028604925
1610,42.2323891412916,46.491329357952374,8519,0.008562378146266732,0,0.0
1037,39.451059993837134,39.146946088731774,5917,0.008157372160668332,0,0.0
1621,42.85554074857657,60.12352548124626,13913,0.010339485922265149,0,0.0
442,125.8956350910441,10.942044583871969,3180,0.04391343901605247,1,3.8799874190828803
468,141.27011272765537,9.886884714479494,3288,0.03295644273354352,1,214.189401391904
1473,45.55604466003449,40.134187940441926,8377,0.005635857130300976,0,0.0
1225,40.895806812552486,47.90492502195619,9230,0.009970787199026264,0,0.0
393,99.7082309382219,12.70500993671376,2217,0.043157544866520695,1,184.8951479487697
1444,38.487267163464885,29.882805663230776,10666,0.0038681135321837,0,0.0
1267,38.05091719647319,61.122200883685124,11177,0.006969994472442653,0,0.0
1081,51.337700968670646,55.325155687380374,6804,0.011426622178656674,0,0.0
1395,45.935567222808615,41.8224374708321,10329,0.011471733643193077,0,0.0
445,99.56845027575358,11.862731907829064,4433,0.02559984067876246,1,218.42487934195194
389,145.21930646966172,9.263369922334379,3284,0.031138872239138585,1,177.11615035057835
769,41.94736194718775,45.69358159531517,7082,0.010867807466992287,0,0.0
1289,39.81291243554102,47.845351588505835,9121,0.011550647307744815,0,0.0
1072,36.11481546911114,46.53261916955272,9478,0.004506009954462816,0,0.0
532,106.4308104225277,14.527413355309337,2771,0.03693406367189717,1,122.62151029318444
456,47.2836202011313,10.307368045068529,2565,0.035596918805797365,1,210.19719287579974
473,72.4829152954283,13.086958757340186,2847,0.036061829194402165,1,209.64948208864647
316,142.81243968432892,12.399620867437427,2220,0.028621913071400645,1,283.8227480957331
1000,30.283432654587138,55.90050282169962,9231,0.010037881459947048,0,0.0
1524,26.203818352110694,58.1249165079063,10262,0.005869590179487854,0,0.0
1598,33.73282775410035,70.21645387609668,13222,0.0016559192027787934,0,0.0
441,118.5686593157406,12.577447325650047,3770,0.027065402701165288,1,216.7658628198654
1518,49.53125045376087,46.9430561052022,12039,0.008189696439539304,0,0.0
1086,45.130854200972934,28.343210374488102,7370,0.0071724801203106306,0,0.0
1040,47.25095786847997,49.425193251033676,8205,0.004524190209021544,0,0.0
1208,45.16178287114958,40.61439761466582,8108,0.002553053072363548,0,0.0
1286,33.585184047770476,60.38756635859963,6974,0.006457733586896307,0,0.0
1121,44.31922544673941,38.80308023985135,11171,0.010692967314949231,0,0.0
1307,48.00409525227683,31.486535696261907,7369,0.011768592318241048,0,0.0
1261,47.542913298135744,41.229890074379846,6762,0.011563140152415365,0,0.0
1000,51.88913371474643,29.1960978302629,9395,0.005552271394554342,0,0.0
1303,47.083038472010635,51.00879563605848,8486,0.004538881029108908,0,0.0
410,89.95139970315253,10.096163079955529,3387,0.02704029626149502,1,315.2818418683595
1234,50.701502383164275,45.22766064946527,8201,0.009905300034793776,0,0.0
1430,39.7347874075094,28.377505441150426,9952,0.009200508815601492,0,0.0
636,139.22528583801028,9.516478849036751,4018,0.02944713897398964,1,134.42280169814995
1293,38.36933036056236,58.14702524643627,8686,0.0053993462453496,0,0.0
399,137.17748344068477,11.689481902350503,2815,0.052230747176462505,1,248.82532945315822
977,33.24821725025618,38.092051160280526,8405,0.009461654583891282,0,0.0
1073,38.55481329284482,44.75037208848733,8115,0.01030192208780746,0,0.0
1011,32.075800790000386,45.14413497635557,9830,0.00843276056684612,0,0.0
1090,36.9203847036096,48.78104276674725,5680,0.008992351419614708,0,0.0
1157,21.063853330462145,34.06513309375339,8696,0.008254596375083313,0,0.0
1367,42.13293707372939,49.74053819077864,10831,0.01005685812265545,0,0.0
512,146.85579660083198,12.972072578835274,4924,0.03617588629887203,1,193.33606423854224
882,31.829113689318092,39.96092358108952,4631,0.008197212980141862,0,0.0
405,151.48658145958007,14.165382107774146,3193,0.029210482426510774,1,205.71543765296238
1032,49.37570137626558,50.06661460856991,9570,0.008243874275127443,0,0.0
545,159.52182196902976,11.812727622521658,3389,0.03051304317380516,1,145.5328681143947
1289,32.37275221433786,33.75549556914971,12095,0.008802426166694183,0,0.0
1239,32.30857650212702,37.12005499346388,6317,0.009142479255035762,0,0.0
1418,30.600968988911355,46.589440076379255,12290,0.012028165584053556,0,0.0
1295,48.294748419317486,44.36746126508355,12524,0.008795491768239763,0,0.0
419,125.93732350387944,14.076757702038634,3474,0.03783844567302737,1,177.03898010053797
1635,37.35485158689389,41.15332968390417,11769,0.010650820357982507,0,0.0
1238,19.961376355932465,50.569343977274315,6472,0.0039014049869932474,0,0.0
1170,46.35418030209226,40.858459417046284,11237,0.004755759857782139,0,0.0
1392,27.607416051465275,44.29527004776742,10239,0.009007541794160207,0,0.0
446,135.685064641065,14.400523499477659,2297,0.036911242338363924,1,226.12603832211948
405,102.78899988184263,11.073677275829201,3429,0.023502925271025946,1,167.34313050350295
438,119.26936223217051,11.177146785767995,3251,0.033063904889644925,1,149.0597401204643
1144,26.911796008808878,51.26871731838885,6436,0.006181748503341024,0,0.0
1136,10.0,39.570855509647174,6899,0.00653997103135521,0,0.0
375,133.08971009022096,11.222958449633982,2000,0.03229732395636111,1,182.3070518589948
1414,58.005111815108535,38.75074897495109,11132,0.010119516390641759,0,0.0
423,123.60093980154784,12.898437442570069,3435,0.026753496597093127,1,252.7310314243659
527,138.4055391819125,10.980386613618235,3969,0.04203492148225025,1,251.2387056140864
450,89.31622304404783,12.068882023411682,4096,0.034221785638635274,1,258.42901821366905
873,48.071225966373106,51.89778809509582,8125,0.012260554816345847,0,0.0
1115,30.264538002955312,33.67018355365884,9007,0.009776341700854755,0,0.0
493,131.97669367815837,12.907017425108934,2500,0.03437106133100142,1,144.65648542329717
1021,45.054701591666266,22.287370724116585,8661,0.010158798492874675,0,0.0
914,50.6020990749888,38.52495343133797,6484,0.007789329138276123,0,0.0
1213,67.59660038911078,52.653625491085265,9501,0.007138671485412971,0,0.0
581,83.22703010992976,11.31490159828447,4791,0.05092964096027382,1,178.45018998900935
861,34.910363742925014,43.22789389638301,5812,0.005775505250261825,0,0.0
1364,39.74425687808006,44.821597730255576,13075,0.00696873044146967,0,0.0
1363,22.30924095110882,39.48891565939675,7730,0.008364383192598638,0,0.0
1390,33.05286868910942,46.638071059214276,11623,0.00650164642134436,0,0.0
348,106.2334721139318,12.313945921936869,1749,0.031733524368113886,1,234.28281962568553
1640,34.759116020654076,32.07290570071622,15000,0.013607199511034783,0,0.0
1128,41.52354872033722,47.397181502698785,6278,0.005737105602178572,0,0.0
499,114.82118100177541,13.429219581273236,2735,0.03860226037077429,1,234.33870352516774
514,146.50979812460017,7.900117442845044,3427,0.040413212940082786,1,167.90892980278292
1200,40.002070649181974,50.60560489696467,8244,0.007548595575515053,0,0.0
448,72.70823529047252,11.327490522637856,2724,0.026449045255907952,1,229.58340248465655
930,36.72105283487082,44.16525765610486,7378,0.008623581503201243,0,0.0
1027,41.551906838589794,48.14645640004259,7415,0.008397793016078303,0,0.0
493,101.23311895471412,9.256652605539069,2553,0.01,1,227.7871089021446
471,131.87410600312228,10.581117995144908,3108,0.04044582400793628,1,302.7046220717988
470,134.82090558848216,11.42290260824859,4259,0.05554193841256071,1,230.27022523813733
433,127.82021297471721,10.432492957751144,3664,0.03647820739036527,1,223.6319881495006
1268,26.541290765267853,36.84243744232914,10937,0.006722546004900347,0,0.0
1500,31.807421402785025,46.65089417060361,12736,0.003028569244603086,0,0.0
492,119.23337787025665,10.888906441026267,3228,0.030411231549750034,1,205.7798369339954
1405,48.74389180712728,48.58908611611622,7725,0.01181569863627183,0,0.0
441,136.30800463783297,9.595700947847822,2810,0.04360182638395157,1,216.0792270186378
424,108.88157003741682,11.208638576487472,3888,0.043102600443753344,1,205.82540262379354
431,143.15096131945035,12.63490652250035,4274,0.023445482061823408,1,218.98498387085561
1344,38.62628211600603,47.23414270573221,10042,0.0039016577571989453,0,0.0
1126,43.904648499288896,37.392714162502145,5689,0.011173882141516378,0,0.0
1677,38.96778247067504,47.548168038391,9562,0.008245533003588617,0,0.0
1236,42.653623493996285,37.06642669247751,8170,0.0026955292647403047,0,0.0
1145,34.17241342388418,39.93695780092166,9040,0.007097976918668952,0,0.0
1032,15.61182841723571,46.514626458338995,5552,0.009389904530702693,0,0.0
1419,38.65720837813696,47.37795418704099,13792,0.0070008571370734326,0,0.0
1373,54.227481360999406,35.486140279382965,9374,0.007172312835679479,0,0.0
1100,49.26215402241593,53.43188616946301,10524,0.004326793378858185,0,0.0
1315,49.653974845911705,49.57605022640378,11709,0.009699622961244969,0,0.0
898,52.36130721806218,39.36217251511293,7884,0.006054592399942588,0,0.0
486,122.30465673180765,12.404657592845604,3908,0.02179922812262699,1,202.2980468024467
1290,41.973157074055955,43.84076336734855,10497,0.006886227887988819,0,0.0
1541,33.8234810456565,41.43245028911072,12624,0.01094344914671106,0,0.0
1045,36.8392714397295,45.90512365642418,8516,0.006839211660200158,0,0.0
452,73.30254304020747,13.550310988069565,3515,0.03641595786739883,1,227.22299347637312
1020,52.038844371688164,28.94034511403992,10139,0.009286903845645551,0,0.0
932,38.60553724319001,41.893224493590736,8078,0.009016274486841098,0,0.0
1467,35.498107351485885,42.5550471114535,13036,0.0076148052022471735,0,0.0
1509,40.005279588565976,50.06928819819247,14134,0.007795141376707128,0,0.0
1264,46.01206748929115,39.414402603111604,7683,0.007209729094641488,0,0.0
1444,25.56145183866458,58.429397386980526,7826,0.007093191823752421,0,0.0
1226,17.03819046862762,29.70687559478594,9096,0.009592601486201446,0,0.0
507,131.4580635669466,11.628308495614505,3841,0.02305813348588156,1,181.8412220633592
589,132.90124941573208,12.61999796633111,5391,0.024873555585569106,1,189.17906441808145
1137,34.91859802352689,51.87667897874845,8214,0.004630414847373867,0,0.0
890,38.52219681182528,45.63841187246987,6993,0.014136963643031464,0,0.0
455,112.2287356253789,8.09779627192275,3474,0.04830432344378817,1,177.82852908824822
1191,54.524675344707454,41.90110428357751,6187,0.008913476605040434,0,0.0
1349,43.2674476460232,36.2110365985775,10895,0.004827455989119706,0,0.0
1218,43.004743596108284,56.364034298168505,11139,0.009870026902024485,0,0.0
1167,46.22207144043402,44.09215483294287,6756,0.007650285960640014,0,0.0
552,121.55837657421898,12.839219944048237,4402,0.023748138982688384,1,218.49628065021952
443,141.97920231646737,10.272234078820468,3530,0.03888818910263714,1,144.13364955343826
1347,39.2423571346454,36.74435806324452,7844,0.00848080657225273,0,0.0
971,46.70480617241213,49.763927181114056,5456,0.006728499385380551,0,0.0
1217,29.281427669598443,40.280841948296874,12053,0.005703166528909436,0,0.0
1246,24.462412339839357,43.942645154845025,8687,0.010202319007421747,0,0.0
1056,48.17889658025029,45.57823172307431,6483,0.003386876574409993,0,0.0
1082,43.76409526097517,32.99822510842451,6339,0.009694328792942452,0,0.0
480,33.112338654189315,13.711111318041425,4003,0.04283159887777011,1,270.7014567780994
973,31.303369187253054,55.808583139305114,7832,0.005361068973346279,0,0.0
1269,51.254347844147695,52.08952950867837,10436,0.005539014616602598,0,0.0
474,153.2454845021255,10.54079506038518,2578,0.03287910330079575,1,164.10733928229823
462,88.80282218623407,12.722834634546206,4375,0.04042203006909049,1,239.79319061706133
1667,30.99379265352131,42.64605995490834,11583,0.007541435024557324,0,0.0
1027,46.38391925608383,55.85266708662385,6749,0.009300687380575639,0,0.0
1306,36.71381524251015,43.39717937764669,9555,0.013288938957612198,0,0.0
1054,46.03187431082343,46.85473673707878,7330,0.0064768496925508585,0,0.0
1408,34.558859978858074,54.16824115313652,13121,0.0028544600878897385,0,0.0
602,126.52298619539168,11.433722206512465,5810,0.039676901038588855,1,204.77310206791483
1296,40.40919175395721,57.47031347597515,8447,0.013049943727782589,0,0.0
1025,29.978125442185274,32.756308722052985,9556,0.009178305089153373,0,0.0
1158,47.408243454201255,58.03713704890239,10320,0.004736753973938996,0,0.0
993,34.867864335284146,42.0185953283842,9594,0.007628322910294397,0,0.0
550,192.10246755714826,11.611461736042962,3428,0.031818414983820716,1,202.3318683282983
414,118.27143608899244,10.488416999683274,3269,0.04100733015145592,1,173.95535480481183
1310,14.376663412046895,41.361642260978456,8350,0.0039461287919046965,0,0.0
1131,38.08972237399831,36.681547751784926,10316,0.0070996136395154,0,0.0
1177,64.12615421612915,40.13882923701222,5916,0.004986986521118281,0,0.0
1229,47.84604287898024,43.901512273688965,9620,0.008380474055404886,0,0.0
1047,39.80739620265605,52.662332915783246,7014,0.006900974968586727,0,0.0
1242,37.37109170791732,46.660826811205006,8214,0.008530286309750792,0,0.0
1506,40.22465892812046,47.46141322720891,12386,0.008067051664899096,0,0.0
1044,45.4711911517521,36.2358448892355,9668,0.005040022916827669,0,0.0
1434,28.191871846911553,37.95396728317816,11540,0.009880631190587066,0,0.0
1499,51.143216946688725,59.389800146810494,13895,0.007853703044470655,0,0.0
1036,47.15381315441244,39.11839172189403,6555,0.005034412976402299,0,0.0
908,47.18185725707934,58.24966601645836,6906,0.014722779668617379,0,0.0
1260,44.38475738809727,43.05551040895307,9141,0.009429290500151375,0,0.0
500,132.65762262705854,11.924858710041038,2532,0.03215374495746322,1,104.44203373697562
1573,46.7286123596682,53.56292128183944,12249,0.01224561358010547,0,0.0
1206,45.91814133741378,55.175139375509254,10026,0.013525446828159822,0,0.0
1039,36.45959289058976,44.1134995177673,8274,0.007563951733058344,0,0.0
970,34.26398227103099,41.89405557182769,8425,0.009042192459304287,0,0.0
1417,41.01856295261987,44.55263641182229,11140,0.005035991545991178,0,0.0
1085,55.49020151495188,47.70366022585694,5791,0.007558421747695966,0,0.0
408,137.92200209549574,12.946943798070457,2280,0.04620967023614378,1,82.84804491740796
1391,25.3247473424756,45.033838871953215,11104,0.008554481100864961,0,0.0
1103,41.647608412365166,49.95109038418523,7032,0.008998281435911032,0,0.0
1190,40.50887701856018,58.10687785816753,6428,0.00967948534648418,0,0.0
1196,41.73341664370408,48.050476898118276,8553,0.008712927968899878,0,0.0
1336,42.439531979085004,47.49322284803823,10388,0.0043677721201125065,0,0.0
504,114.80784527148391,12.86452590126831,3351,0.032296286008642094,1,155.50776145294293
1155,54.898634386020824,23.954158905367493,9943,0.006360777141608981,0,0.0
442,87.11174739314394,10.584748210355947,3637,0.04852039365974326,1,212.70638435357176
437,76.79847352217118,10.575652271647913,2914,0.0559940752050251,1,234.85254894198633
904,38.96745239850953,40.88173860068206,7936,0.004511183039441261,0,0.0
1251,23.568111888458326,46.94824163349076,10316,0.0069277548554879005,0,0.0
1578,38.241455955679285,44.516770166424735,12923,0.01085902849464215,0,0.0
1023,56.61470165728018,54.02224200507119,7947,0.007100367576510163,0,0.0
1045,40.20886488295962,45.688886946071825,5286,0.009381246949528473,0,0.0
1025,42.30700905718683,39.02461371943866,8701,0.00758137387121629,0,0.0
1344,27.398352348274198,52.92132991167431,9253,0.008770349771974169,0,0.0
1289,33.83638591960523,43.26295140043038,12526,0.007314582368571378,0,0.0
458,99.35548964466828,9.525146723554855,4165,0.02940836164940792,1,279.45736508182284
1016,36.82284903243766,41.1807143504576,8068,0.003364830777780694,0,0.0
438,149.45296460974782,14.657281656496462,2748,0.04530249693969567,1,175.66844059053653
887,45.57691060725124,45.67334584148557,5338,0.008889718030082925,0,0.0
1228,28.88542043062968,45.10262914834948,8234,0.009601085744018578,0,0.0
1374,42.46504778432005,48.838616282934666,10146,0.012478857868261483,0,0.0
949,44.98221748496785,42.85083397352206,6154,0.006826925999403271,0,0.0
450,70.63803759129325,10.61079926167371,3415,0.041446898032842336,1,235.06949469047498
497,150.6771129602892,9.691274663534031,2899,0.02845230224376051,1,242.2636648521048
508,193.19257219017817,8.496342386496561,5027,0.029893915007024208,1,230.18907347764792
1427,31.89142488789662,42.62099136605515,7906,0.010452401380095117,0,0.0
1169,27.42422141085384,43.02893277988362,11294,0.005259624261103332,0,0.0
404,137.84263024995857,11.80675265997022,3865,0.025121340898602282,1,283.7135383035565
382,145.60246676340924,11.168066144105282,2915,0.04223037939579864,1,154.95394407229236
468,142.76785769360296,10.108507878606439,4041,0.035855133296395995,1,149.36572183157534
1226,39.24048976357477,43.71495104379605,8806,0.007330185234700071,0,0.0
1123,36.80152476745156,41.126608390010105,9158,0.007078261323014806,0,0.0
390,118.12220616301433,13.552055827686951,2616,0.029958713263483365,1,174.81388315852732
1267,31.64857098369977,43.596972352810475,8246,0.007703837316632981,0,0.0
558,111.57974769399678,10.49512952529393,4403,0.05389278795503996,1,212.19454708102253
371,69.21129557413843,9.066429618768646,2785,0.03738171306139629,1,140.35133144904316
957,41.847405788957246,47.4558485814899,7565,0.012999989777682571,0,0.0
442,90.34226678547248,13.950624916955958,2846,0.03720630804307164,1,181.42689894561573
450,86.89232048352687,13.031256176887913,3082,0.031479122525461194,1,111.20088765190536
1392,38.099609649985055,47.226789077157356,7548,0.01257355154334771,0,0.0
423,161.760068590338,13.044285091867872,2226,0.040805676870356154,1,161.45931846929554
854,38.19608318237592,38.22912224090422,5353,0.012803222918493177,0,0.0
472,72.88498189130469,11.338421551344885,2535,0.03475713504329975,1,209.57253579786763
1187,17.88138088670493,41.16993142782649,6555,0.0075360508803175,0,0.0
332,148.22313563964647,14.66114980807808,3015,0.044080226625361915,1,125.0682251425394
1283,25.76042847549855,63.792606293606056,6666,0.007942045087184494,0,0.0
1433,37.333476707655855,39.27165250979328,11889,0.008304890160600275,0,0.0
394,136.50156297073656,13.785907740217539,2512,0.03826994513270098,1,100.0827516427687
1455,45.8855326977072,44.495015895110015,13622,0.012765341528720334,0,0.0
1416,24.018756481162526,48.166390789677976,10518,0.005945038462568757,0,0.0
447,79.97923515245387,13.424644319160324,2921,0.05577777585198445,1,232.21942267690912
483,101.9589706814636,16.563303673077684,3667,0.0346697473628044,1,166.0752634756389
1391,26.368259954071895,25.588863435718334,9615,0.011220238107231335,0,0.0
657,41.89706167610396,25.90456103843462,5142,0.009496069736406633,0,0.0
1170,33.38017822203391,41.032974623918804,6520,0.00217250692711469,0,0.0
913,44.25887206193036,53.77840150034967,9124,0.007533732702416721,0,0.0
1104,40.19147777415752,32.47481574715523,7873,0.004532877275249254,0,0.0
1140,33.5851309095569,20.938941282449942,7686,0.007392182681245778,0,0.0
505,160.92421289921532,12.874626374077922,4322,0.04998011770304428,1,160.91639638265562
430,123.75673507943722,12.370351073659828,2933,0.031871635269484784,1,157.6186393751558
419,107.11783376624241,12.850889728368344,3844,0.04530919338366907,1,240.92973091716067
1658,47.19757942148182,37.11568319423256,12058,0.009025261762140618,0,0.0
1573,27.067270421288363,37.2420502429226,13528,0.004105022180993292,0,0.0
967,30.435636231819913,45.88428253979152,5357,0.0004374589802817958,0,0.0
1516,44.72406277880377,39.98947779053594,13997,0.008446426285038772,0,0.0
1120,54.84116028535965,48.952511351804155,9720,0.007358220600946504,0,0.0
419,100.11297247347156,13.66038362372522,2542,0.04844854031180695,1,202.07709202819473
1187,36.86941969476845,38.145185078977605,6799,0.0028981182510458663,0,0.0
1068,39.99291405423354,35.9915683127116,7029,0.0057957703595818725,0,0.0
1396,27.495922660302824,42.94927457302006,13800,0.007416525545405672,0,0.0
385,99.21284406612278,9.643918265247239,2421,0.04477847564654332,1,289.72624241961057
1104,48.82333062323409,51.382750239166135,8042,0.008565893244703941,0,0.0
939,35.4790966716692,30.12530582671954,4836,0.012824201741518187,0,0.0
1021,35.299578522404985,45.363931810646015,7134,0.004893187831863818,0,0.0
480,157.432262180212,15.56359781754212,3773,0.025493093065847454,1,203.23956750616907
1202,35.63280263959405,59.85317949249564,11742,0.008141896229386185,0,0.0
419,128.36982486671405,10.951103727474695,3181,0.03363010422306058,1,273.88601476510377
419,94.93958840220728,10.529393078636096,3812,0.02358058180838689,1,212.27493408971563
1474,37.52974299254004,30.569097659501082,11402,0.01121504112167177,0,0.0
1439,36.41659847978778,25.86435036549581,7492,0.008885674275035728,0,0.0
450,129.29462130681082,13.51499029867497,2964,0.035829118531720404,1,195.84332371392532
1182,47.441919714999365,44.95551765081544,9316,0.007963927913260435,0,0.0
1575,38.18775826781897,54.42810151838738,15000,0.007281332423188702,0,0.0
626,114.44137023366875,12.567502047323002,5820,0.04911356861745625,1,225.2182532859205
385,116.10537900799721,10.024253318198502,2368,0.042853456030102835,1,172.935045251888
424,121.31434415937329,10.306298067749271,2588,0.03173386219338788,1,101.15892155262047
474,115.58993995114534,14.499237810593334,2852,0.054853803952602934,1,175.23924509976325
1365,21.33460048639384,47.21265204472839,13129,0.0080990699215791,0,0.0
1073,50.07513689836922,45.068448646594796,9945,0.012040823733166988,0,0.0
558,103.27524644976499,11.164180908468218,4955,0.034162169001109355,1,230.9278178488962
1127,47.90625599162769,55.84458348568278,7850,0.007977557609777761,0,0.0
1163,20.298961822881644,40.11313888155947,8749,0.00865006729249302,0,0.0
434,197.39128012962954,15.822838174279447,3181,0.033167547567907185,1,189.1634105421769
1155,27.888280707192187,32.49572554742997,7242,0.009209898812500473,0,0.0
1393,47.307641190665244,35.56432268393776,10489,0.0025230260130061763,0,0.0
1073,40.142730678364344,56.48069919377788,5532,0.007095421112691958,0,0.0
1210,30.460605806033552,42.22158168833726,6850,0.003546682795419721,0,0.0
1048,35.929636870732196,56.62620380834036,9893,0.01183484284237846,0,0.0
1272,46.86318456956701,44.37415472753186,11141,0.007817451439991217,0,0.0
1156,41.05894453115234,30.264817816337143,8229,0.007419977150961132,0,0.0
1012,45.844129804724844,52.13654079785376,7677,0.010690391996099707,0,0.0
495,102.54957258154069,8.662801482243609,3391,0.024195926707214988,1,111.40516588767781
1385,24.357583882889486,50.58951050813635,12061,0.0046140964568623785,0,0.0
508,100.52167364801979,11.654396525207071,4534,0.030763092830893242,1,166.44925771687733
1299,41.04355937523213,32.655054176457035,11457,0.006994499080320846,0,0.0
1307,31.01215951676872,46.31435812296455,11261,0.0027664013341818375,0,0.0
356,96.90080306824075,10.533687605780006,2146,0.039664445968402615,1,221.67708052362647
861,38.10879609222967,48.943891668115675,5760,0.0074493790339506035,0,0.0
475,73.32313061389118,8.284197097203425,3494,0.032118439694888826,1,115.90156080072947
1086,38.724508796224654,53.602747215655185,7226,0.003553305728968074,0,0.0
417,145.00586884826774,12.59631693198105,3665,0.02508472958895368,1,128.01959346005862
1727,25.48824309948441,46.676273842102354,11482,0.007693690823325683,0,0.0
361,131.22169709542717,14.1162366501743,2054,0.03650602492844634,1,211.9249462836527
1122,27.476065555868807,46.870784206316785,7853,0.00920192491501951,0,0.0
381,83.71076943926383,12.296178839596552,3781,0.044956937543703626,1,289.08423932334256
1477,48.868873900973,38.3115027831998,9058,0.009369067919398089,0,0.0
930,35.792382063189464,56.395966569975585,7504,0.006898776061945451,0,0.0
352,98.84964432724773,14.373469240354662,2524,0.04664411740535271,1,186.18323524778913
1133,41.98948146796494,37.89784390769167,6071,0.009720342480066197,0,0.0
1483,44.367385517335094,52.98105661536196,11034,0.012475021576405423,0,0.0
1354,44.042947549616976,42.705646114093845,11529,0.010174488120457495,0,0.0
1168,52.35782191822154,51.076119099888864,8840,0.010768932695421292,0,0.0
1261,29.289463203509513,42.665930941931705,11809,0.006438108180313103,0,0.0
1079,46.802161054504495,44.52139085176077,6959,0.0032071408124946313,0,0.0
400,77.58856509285059,15.882434872927497,2177,0.0270510635299831,1,222.96020907997647
1214,22.214124159934833,47.32717646072005,11761,0.01416354466821428,0,0.0
1393,43.19651825918977,29.035745756386092,9604,0.012628420321309047,0,0.0
369,97.934101722307,12.462891845051145,2915,0.034173022549816016,1,167.15822656527848
493,157.08279525631312,13.292979075451541,4421,0.046361913746425426,1,146.0842466685386
1127,43.476764835383364,43.94290728878762,7466,0.0048029519065413,0,0.0
1348,35.12771435886448,40.810149577828625,11570,0.0029488022971578542,0,0.0
1181,33.24291920838388,34.131407877940205,6708,0.007677864144769864,0,0.0
983,40.34152417488025,36.362109429793215,6350,0.012817033874247364,0,0.0
1119,29.127540611371973,28.82561088030442,6406,0.00757501210438327,0,0.0
1216,29.141748711148146,44.189754250387736,11020,0.008906968701044824,0,0.0
1382,46.79373282956503,40.212499355351625,8448,0.012126790892912626,0,0.0
1163,28.51205964841344,37.26729687211748,9989,0.006787714064502801,0,0.0
403,125.76147349470095,12.159195724752072,3920,0.015153120585540903,1,151.57581765190523
454,110.72650607392495,13.108115542231815,3473,0.032328625140582455,1,130.9115405716148
1222,22.741932712094034,61.74558345767956,9414,0.007606665983958552,0,0.0
1237,33.22435347664345,32.90493264349429,9037,0.006267397207942362,0,0.0
1383,51.94109403047372,54.275048346404176,9174,0.010091714139170939,0,0.0
485,148.70106950383752,13.752911291005871,3585,0.04346118469295934,1,143.04692461918245
1081,35.355957376906126,38.767258084986395,8664,0.004530334348797991,0,0.0
1076,44.62060893251896,46.62588763668825,10692,0.011843715960568942,0,0.0
376,64.91383880690111,11.339759812067099,3652,0.03541895921154277,1,194.317157875048
531,135.2397398073763,11.576666036137647,4951,0.06136669141945589,1,279.9561620418367
413,86.89900181478379,10.74453218783099,3907,0.04653502849781544,1,233.65668461164842
504,55.41328221142551,11.423922252155847,3703,0.0466257366818784,1,215.25427023533766
1151,57.388996637975794,49.06886698586754,9544,0.008321687865257459,0,0.0
1493,49.788580507817954,41.55752544036286,14150,0.006500386896484903,0,0.0
360,119.8178726538032,14.553930772176376,2508,0.011039177116695841,1,270.2823798753982
394,145.15472323354925,12.676046962203417,3873,0.028210196535368683,1,210.03692703791947
961,31.695555934434346,54.65286523891132,6808,0.010199537952267673,0,0.0
1335,45.22514105265758,32.78265714728282,10693,0.01213442804149284,0,0.0
1014,44.18398220888684,36.55928505458644,8670,0.005028130329868227,0,0.0
495,111.29176367434046,10.108986240114538,4832,0.015191635290773664,1,172.68679954112676
491,128.0217694221571,9.69329897880808,3060,0.03461676164302628,1,228.14553301425426
1082,24.96919698240182,38.6598124230783,9453,0.009344235023038674,0,0.0
1155,50.51947617722919,41.611211346174585,8787,0.012597141147762867,0,0.0
911,30.01939372685587,34.075060766478806,5783,0.009261610117712208,0,0.0
501,114.75120729913775,12.433249950809238,4454,0.025366036588014312,1,165.17694551066558
483,97.32764521521466,9.948494632719445,3750,0.01567934841480041,1,293.2099762943675
434,136.0952953071121,14.20164279684521,3608,0.017431313005984984,1,166.4346204314457
1395,71.09918556005361,32.2170229240413,9231,0.007029455159646629,0,0.0
1037,46.06723059136183,39.95980016372884,7687,0.008042861635651967,0,0.0
1371,38.168033812796125,50.85564402007876,11090,0.010732833211518427,0,0.0
1186,45.345056484805504,43.424625536024884,8333,0.012838934511779164,0,0.0
391,134.24094698639857,11.999372654776451,2344,0.038389758936682616,1,221.69176200444383
433,119.24919123764569,9.636251749158397,4253,0.03267726497200527,1,162.344133468971
524,144.53298897600862,12.898947825664614,3960,0.03510545711741026,1,143.85426612762146
401,161.7062264705194,16.17209409907423,3482,0.04640250552671205,1,325.1585895452855
1321,44.97743089091394,48.067480251229156,9323,0.0037332964954793794,0,0.0
410,120.31057859530142,11.277074466612028,2782,0.03918704578292369,1,234.96062193359933
434,80.64491302949521,12.832892076202905,3056,0.03486026771523927,1,119.61793447384017
359,88.04659010773882,11.892190301988522,2532,0.031665137190303054,1,186.01936400476615
1094,33.82746813453077,54.02327194602855,8448,0.008193222567295827,0,0.0
1391,34.41698246053969,46.23594932476201,10738,0.009712837083811618,0,0.0
1178,28.998457670283052,42.307579280974615,8824,0.005556791537020428,0,0.0
463,121.69949774691321,12.392262918047814,2629,0.033178394161420766,1,208.30703065391654
1198,47.78936503512114,44.14188187351247,8964,0.010983243584622753,0,0.0
1122,44.57772866151886,54.762263171341736,6561,0.011661651811793699,0,0.0
1461,56.744924333475375,36.38656698023189,8227,0.0140406628839461,0,0.0
1101,39.94403981170954,38.89984608682721,10645,0.008732295330507159,0,0.0
917,46.687416555925125,53.29042313657984,7362,0.008821733260541536,0,0.0
1096,29.08299123860686,40.23572051852913,9099,0.0034304826074784567,0,0.0
1323,36.12900297525599,52.20426461865273,9278,0.006405765796584725,0,0.0
1478,46.95537757565778,58.595487864069675,14111,0.0074207537779801625,0,0.0
345,137.99786189988615,13.669502652649765,2826,0.04104107455439045,1,108.34147741506362
1463,37.060330523358175,50.450898612602444,12947,0.006166996627731113,0,0.0
434,156.5628555509195,8.908540426618533,2974,0.03846312710224887,1,135.1975653588036
1111,24.821262533191906,51.037866384542475,10891,0.00799513484910986,0,0.0
1142,36.42970799193391,46.59539188789414,10397,0.0074684956546557145,0,0.0
403,124.46002371606335,14.799189290291586,3742,0.02053501796459313,1,169.25279487419783
1216,45.75205016106566,39.83542342371684,7131,0.006826530883241472,0,0.0
1338,45.0066572138121,31.71133267546262,8503,0.006712888255722004,0,0.0
1111,40.4977368718096,49.02601651799604,7141,0.0028856422826296566,0,0.0
429,108.35469544376313,13.005568853790388,2727,0.04127680417874475,1,141.53423674567657
1190,33.39678860526553,42.46119606205972,11048,0.006560095561553821,0,0.0
386,124.81721943149594,13.412157827630264,1995,0.037637555848225764,1,113.37527025163364
1177,44.2097294438939,46.53518188698429,6334,0.00925061918777012,0,0.0
1171,44.920188479927994,60.5867411583185,7460,0.009975895858371529,0,0.0
1166,34.739651573324196,53.20087322065419,7001,0.008696583513926983,0,0.0
1206,18.466570801287556,39.76881289339539,7430,0.010986245571348424,0,0.0
1215,50.97152711753696,45.21850703881151,10923,0.009726685777491096,0,0.0
1113,35.211625439915956,44.62103437964451,8703,0.007114831430583074,0,0.0
1454,31.372242359568794,32.34258589323098,7314,0.006611431142856861,0,0.0
330,78.99363904753736,13.357862580118557,2358,0.036820982458158624,1,145.1428065114768
1055,36.0798736008087,40.51391274416112,7432,0.009721301329705702,0,0.0
1755,50.59936384046622,28.710235977152507,9780,0.012193532921094496,0,0.0
472,65.94058687259941,11.31818424530784,3960,0.027380587618649165,1,260.60453596613684
929,46.83569323200477,43.007425242775675,7908,0.006375580980478493,0,0.0
1346,26.340442887994655,31.616848789507408,11589,0.007693981159618215,0,0.0
417,102.70468797819842,10.81237718386259,3609,0.0429075931223253,1,214.15654111597624
503,42.26873123565271,11.668737179364735,2518,0.0347796992748306,1,194.8971804685576
1629,36.307228607537965,46.81627583091911,15000,0.010816908406114377,0,0.0
395,131.7541201620764,7.742531811170376,3589,0.06492810570060642,1,225.0545004654386
803,22.237647671016802,49.731537214014836,7650,0.004237932042714451,0,0.0
900,44.08652811480671,50.44176288381353,4571,0.005003190871263226,0,0.0
1379,29.706284918179286,47.459228557757505,13340,0.008817900542958243,0,0.0
456,137.37874498803265,8.62531130577858,4133,0.033864078382980355,1,174.34363768178585
1097,24.77640813782109,47.21280612408945,10081,0.004703961879696845,0,0.0
1336,51.12688374989925,54.56384520660383,7306,0.008133708832667815,0,0.0
1478,33.707366063072115,40.226967531106155,12850,0.00989367307091535,0,0.0
1557,55.33727709916499,61.783514713059446,15000,0.0045463200274785676,0,0.0
1150,34.64198536947702,40.79495252811692,9657,0.011314991605413244,0,0.0
739,22.926420424070532,45.25925610672109,5808,0.006867406554320525,0,0.0
1035,28.83475560051341,39.62011523194931,10076,0.011772839337729954,0,0.0
1114,52.35811620006939,46.78616668736208,8041,0.006399642662672299,0,0.0
1148,38.441018220633325,31.0622264589178,9181,0.004920123551347463,0,0.0
1162,34.51712703509399,40.63166560946623,8580,0.006625589030474842,0,0.0
1423,41.60018225852788,36.263030397211466,13759,0.00771455563076804,0,0.0
1454,45.01782736167545,46.08270678313833,7827,0.006834560279685558,0,0.0
475,164.13510982480824,8.634682611754629,3571,0.034981712411559,1,236.83816725839483
1419,54.484992298929264,50.16804949691641,11974,0.00900189544902857,0,0.0
1271,36.40231354210914,26.02672511312886,11392,0.007486461890610802,0,0.0
1212,26.739523139179617,61.33655722342304,9600,0.007801662818143979,0,0.0
1381,35.86534838876724,47.362239524966945,13184,0.002872320802392212,0,0.0
1214,42.60280506582886,38.788006876055995,11792,0.009175094048031419,0,0.0
1611,30.36241073789389,46.25702335192753,8576,0.007732390106924996,0,0.0
912,30.42849085104957,46.40951858002154,6397,0.012830878941448614,0,0.0
1096,43.437878815498856,39.66521026438749,5613,0.0051813044982381255,0,0.0
1174,39.51347648429549,46.5833333387366,7808,0.0025751140145014563,0,0.0
1287,40.327969954115865,40.14022169903754,9896,0.009854205481790126,0,0.0
1453,32.41504665299931,41.76510405847982,13887,0.009039581054939001,0,0.0
1195,37.69599285794233,39.509766913959325,11034,0.004974700938406563,0,0.0
915,30.757668557316954,33.53862968208278,5161,0.0034107531349877257,0,0.0
1368,48.90198411124787,46.16669176172307,7479,0.012612190192052869,0,0.0
1350,50.35249334723753,49.6823954921307,10735,0.012242331171820345,0,0.0
811,21.538121377619063,49.11906876861098,6217,0.0005376297238816122,0,0.0
459,99.66853890743681,10.394351112098315,2910,0.03579649582613925,1,215.35015300026808
881,25.03470744909921,47.594721680118944,8376,0.012992576164351698,0,0.0
1067,33.49976065593102,40.73819601426477,10283,0.0065718123266663995,0,0.0
365,109.04035346063674,15.945084353579617,2562,0.02959623661012946,1,224.4565278324644
498,125.54040917594725,9.228024115202004,4708,0.026985160781689936,1,202.7585318935732
1223,30.78140186874687,37.79462893990016,8465,0.0046373090786955215,0,0.0
942,29.960426279185015,37.28639942861404,8188,0.0028856727673158677,0,0.0
336,156.01241723833277,16.542899490845592,2482,0.04112269810105393,1,275.80580901775215
468,100.29317163085813,11.191205153632078,2630,0.01940564220873775,1,124.62235276832897
1266,32.78262446662747,48.898441896359955,12204,0.008741814356326268,0,0.0
1037,41.76820872139398,53.57543892169438,7540,0.01065973847827295,0,0.0
1126,34.533199154127345,37.96573774070409,9772,0.003646321103296525,0,0.0
1300,37.283448896739465,47.78876095888784,8892,0.005227194792214785,0,0.0
1304,56.734520902985366,43.99860457293469,6644,0.01163953756517477,0,0.0
1467,53.40461051790348,51.77505683107931,8074,0.00959867516068112,0,0.0
1183,27.004187630724026,44.07820613958242,8854,0.006148142879363339,0,0.0
519,165.0400095586646,12.252355807323934,4385,0.03739872752284725,1,151.74772097119103
1112,48.11396554491592,49.32726814848792,7424,0.011619607170362908,0,0.0
1236,28.517367112473817,52.00935333752986,10481,0.008807158079047122,0,0.0
418,159.84582425547174,10.650131962418895,3553,0.032792712430416336,1,259.3713575841
418,136.6869002820198,11.193848021869938,3566,0.02167321558974797,1,226.06149953222706
839,28.774551937555863,36.532474930866776,6262,0.00885916023186617,0,0.0
1266,30.824971789857365,25.015511860056485,12124,0.007434215512557536,0,0.0
1272,50.17661466843502,46.60367705130983,9478,0.010816871534704554,0,0.0
1063,42.71495310825648,49.871242850037056,7715,0.003410677759671991,0,0.0
943,45.514762752395235,47.096534472693804,5655,0.003517209412801284,0,0.0
1495,43.40589216400497,29.403506257965063,9775,0.008542613334447297,0,0.0
1298,43.90695920928144,42.19320455938821,6766,0.0065253667585792865,0,0.0
1154,26.73527871688917,27.25321791959135,9426,0.006118854155906777,0,0.0
972,50.47317706621448,55.95760886123348,6071,0.002695829842476808,0,0.0
1035,51.69589992427774,36.31156334305531,6753,0.008058637534394545,0,0.0
1460,37.70609255931972,55.04322887567917,12931,0.007841734675997704,0,0.0
1227,39.56523050186138,52.56695714947317,8146,0.009960436945855222,0,0.0
1089,24.688924974442777,37.795277179711505,6769,0.008206718399362916,0,0.0
489,61.009302318719946,14.127881975121712,2860,0.029210157800600954,1,144.79871832638074
1037,45.72057441714144,47.802961731090704,9203,0.011531001910371012,0,0.0
1500,39.37808983000689,38.24540770253543,8473,0.0040625980896543505,0,0.0
403,113.36239129242684,12.888396654581344,2934,0.04414077164224034,1,258.0751524240988
1106,36.659227690200595,41.13737927354465,8338,0.0029865585056139538,0,0.0
1074,45.646059258936006,30.750732684274933,9063,0.005484914359997577,0,0.0
676,29.803356613078844,27.156255847004328,5523,0.004362028602130059,0,0.0
903,39.76447849125762,46.813473987956776,8181,0.010345827606355756,0,0.0
429,102.50767684293184,11.804169507114192,2242,0.034896477100922633,1,167.68788379267028
1227,42.25307922040942,40.57528146468694,7953,0.007959490266221069,0,0.0
1134,36.304730711666416,50.566910712750285,7263,0.004679801036811647,0,0.0
930,38.68527404328332,54.38753821305956,5334,0.007100919512201332,0,0.0
1143,48.26047171441506,42.819642229105526,7372,0.005709604090072665,0,0.0
1301,35.63235762761782,42.27521034472111,8520,0.009150365044562648,0,0.0
1305,23.934228992613207,49.00114426491107,9934,0.00502672659400516,0,0.0
820,57.49583904205421,34.144515442403396,6821,0.011989383095615227,0,0.0
412,155.20421572455973,10.771754869983369,2845,0.04176507476439975,1,200.30657252176135
923,27.077373048943812,49.41508777457723,7938,0.005580440502630317,0,0.0
1380,46.897078052451945,50.44184166734103,9221,0.013031601529898289,0,0.0
1356,34.97025229448657,29.50597837998028,8753,0.006694583756113897,0,0.0
1020,42.634872153310596,38.909157841528476,7863,0.004055364006786764,0,0.0
1046,42.94224129013494,37.97389397741227,5358,0.008657214687613006,0,0.0
1107,37.65592199683678,45.7990956352737,5980,0.0065738232733563735,0,0.0
749,32.16234334413603,48.845956638143875,5313,0.0054923892331450825,0,0.0
1267,33.094589476837406,56.97368325956785,12310,0.004712387567603848,0,0.0
1145,30.838080845187577,41.040276157055416,9859,0.01630512081687783,0,0.0
456,171.06644833905713,9.48972925605321,2484,0.037688123564121545,1,198.3562757423783
980,39.328217099506446,54.19737615102998,9049,0.002223297919001369,0,0.0
1076,32.842400108892484,47.37261550824244,9321,0.012481129277016603,0,0.0
898,46.820520657126195,55.14121208950379,7238,0.009833212715331711,0,0.0
533,67.17711722532547,16.105944049003327,4859,0.034136621417532736,1,192.17953606035985
963,34.19946758629957,35.74306705029383,6765,0.005200642733941575,0,0.0
1399,42.39404500535377,34.33497316177755,8545,0.010020418388474693,0,0.0
387,158.69258262248238,12.037638099481196,2931,0.04336484137964941,1,178.67001818569815
437,140.19544053809875,9.656691305364877,3390,0.02432277422961455,1,193.76409208817572
447,115.84632048048678,15.391445755621731,3444,0.027492796655071875,1,192.58885555784397
946,47.426824183597226,59.79489713109105,7403,0.0066980286133521295,0,0.0
1166,44.82248952680657,51.744842658585924,11364,0.01248671520944728,0,0.0
1319,27.623375776727023,54.30270862027989,12553,0.011835304873897145,0,0.0
331,102.58429650585832,12.350573557867847,3113,0.029678561098268982,1,298.43786547169793
1361,48.872908372667425,35.74867346604915,12266,0.011099569593089444,0,0.0
1030,32.367138958214184,51.800634659340425,10009,0.006045672350408956,0,0.0
1103,40.37937835447602,48.3414460179152,6060,0.002399898239588174,0,0.0
430,84.12350813894447,11.090904562513112,2722,0.0595987198502938,1,205.91750328275887
1067,37.906861804206386,48.09897184506392,7978,0.009192912505328837,0,0.0
1207,50.729780477660114,47.58548385966564,11148,0.006611790056010987,0,0.0
1137,63.638724946193605,55.27053487882849,8557,0.007078854977224696,0,0.0
1225,32.140139673650175,55.35988467853565,10714,0.011430698134785838,0,0.0
723,26.18955396846225,49.35376281872278,4122,0.008319481940870276,0,0.0
834,43.03818595604876,51.76642298050343,5222,0.005470105066145143,0,0.0
1323,47.21562505126143,49.11250041939821,11457,0.01010609097100198,0,0.0
1407,37.69133626155231,41.31064214372305,8196,0.008593026700862736,0,0.0
1017,54.53260663321034,51.05251739930512,6877,0.000435185595613871,0,0.0
1151,26.613942002767512,33.84403944912591,7280,0.009285058741314346,0,0.0
1258,46.92918623031611,53.43113241836706,8497,0.009175486123148304,0,0.0
1338,33.94139179241107,35.44381648187172,11434,0.00806036338874258,0,0.0
794,57.19377906207296,47.28642629435787,5433,0.010675101743208727,0,0.0
1022,59.92515353168118,38.23876833259073,7953,0.005982819247020493,0,0.0
1133,32.33343412216652,49.42711186459542,6233,0.009009499366462703,0,0.0
1340,34.5044286409142,44.728598192576726,12099,0.0032991218864979414,0,0.0
494,147.9777249561927,10.969563212383514,3388,0.056904170011884234,1,191.28664827665372
1154,36.12869350210485,48.36559704814783,9515,0.01385917908661969,0,0.0
475,67.17573564057673,13.329854324603481,4103,0.045274793433526916,1,186.435171842618
1280,40.2538842054241,52.049173766506954,7744,0.005720593604036674,0,0.0
1464,20.803268438023437,45.010605509875255,13797,0.005869953671325343,0,0.0
425,103.4442556232266,11.345965364780458,3437,0.0331277267849312,1,254.3240061445191
1018,33.10272225935826,37.339448359878304,7276,0.004810891181438846,0,0.0
1391,35.06877177600228,40.28534214858111,8226,0.009263742136072941,0,0.0
1332,54.43632003468814,41.330890911191325,12942,0.010540519836407495,0,0.0
994,27.434931057207436,51.85361984194044,8729,0.009603041640361354,0,0.0
373,180.18278664477367,15.87030808012046,2255,0.0363885603243088,1,151.7392961624726
442,181.84510729909192,13.631002044888525,2958,0.04331498866931663,1,211.93689626456782
410,156.25098691779428,11.903822985338454,3717,0.04298091048661562,1,136.30813374328977
1186,47.90371896051711,27.642580658194383,10061,0.010490484117038913,0,0.0
545,137.77580847603548,11.286653731640257,4820,0.05411606067063322,1,219.30832489991943
492,143.35083228499914,14.361281824904289,3546,0.0285883507060315,1,192.26548344327227
957,49.68184660532861,34.17993048447422,8221,0.01109716819437919,0,0.0
1287,36.686916168166775,32.33129288169936,8927,0.013770540462810364,0,0.0
367,119.89876627767144,12.102395803762171,2223,0.06198328835937088,1,173.87926358112455
1413,29.14849473442202,43.28745841817711,11535,0.011234376187384315,0,0.0
500,106.40315852018175,9.255068904231798,4945,0.026490249193184354,1,240.5456886307848
1453,69.49094425308725,50.523781488972105,9526,0.007610980843914198,0,0.0
298,148.6591562571153,11.877992056289234,2177,0.042691357793100335,1,245.77014852424685
955,26.489256337919787,50.26210540920299,7996,0.007145631771453815,0,0.0
1484,26.7754204325643,44.44374171006184,11445,0.005008205126094754,0,0.0
1510,44.81866061718492,35.50405289355405,13920,0.006608436711482163,0,0.0
493,114.19021622160845,10.24645243757631,4348,0.030070817250507482,1,303.021134922235
1047,45.48883835317365,40.28710293775099,5543,0.006653274838060981,0,0.0
1138,37.45044206446302,37.515229609900594,11378,0.00678166892892979,0,0.0
1229,38.745457399970995,43.57665699356482,10769,0.008290264755316402,0,0.0
358,116.3475747485015,12.950861365053246,3344,0.05141428627722315,1,186.22588424104887
1538,40.858930062933304,41.66055694408454,12701,0.0036634455567640303,0,0.0
487,138.92435053664332,12.848787875722024,4525,0.05162931447189838,1,134.29002351884452
659,37.70200369424806,47.786733913969016,3667,0.005607685648789704,0,0.0
1267,31.485935657396865,37.817359468594965,8543,0.011223589370689794,0,0.0
1130,41.75211418908512,41.09835701641004,10605,0.00867580916604514,0,0.0
1185,69.85259002603411,53.59466403816195,7119,0.009820286450619222,0,0.0
495,113.20547703450504,10.068670392953583,2669,0.0328480367643982,1,161.25989109322353
1361,36.86470313827602,61.600520314788334,12171,0.0070708675645802825,0,0.0
1423,49.21801501977252,54.44102538993222,13068,0.006276539883751173,0,0.0
413,152.66245859112558,9.652240071182055,2402,0.04212481764433805,1,192.4835813118145
1132,44.200944904518416,33.897051596353585,10496,0.009528540691789059,0,0.0
1191,46.06850593215671,51.11088281306738,10050,0.0074380090705360976,0,0.0
439,105.33451734641177,8.336635505587948,3338,0.025297286740917614,1,158.9159586847489
1039,28.691115646740844,40.592145571694005,9512,0.007363267070480208,0,0.0
1315,44.736320768114545,46.34412272426023,9337,0.008098320912667344,0,0.0
405,66.94681903311445,15.715404687075464,2418,0.03328743695175066,1,143.6357238146535
1508,45.55512646342248,49.00665272803369,9688,0.005196218315304587,0,0.0
1451,30.813134885139057,37.97220958926352,10920,0.008232756168459173,0,0.0
1062,35.82633186394916,50.93967130874096,8137,0.012190280532195473,0,0.0
600,72.15890798199614,15.188884783498393,5417,0.02169773744358662,1,151.59357010738367
1009,49.75816719344709,46.73346495171429,9044,0.008093190279196794,0,0.0
1339,49.18454443942414,42.57319946018293,10588,0.007514698156502993,0,0.0
376,84.90249492869137,11.901941318323926,3348,0.03123577445411805,1,244.39019677894242
507,33.832133601550524,11.679279837910338,3022,0.03816067869729951,1,269.9241996534661
1256,32.904201452508275,36.67845024147282,6594,0.00982771649266926,0,0.0
665,27.414950893246655,60.561560594215464,6230,0.0070044054145340625,0,0.0
849,37.82982949575629,30.431311445644027,4570,0.008974344782330343,0,0.0
438,106.28711230241184,9.845247846030484,2731,0.029432821021428374,1,123.75075299279702
1216,64.26716486345522,47.96169511953393,10311,0.004978415037419065,0,0.0
1126,44.32959825360696,49.67451333148248,7936,0.008504691623551084,0,0.0
572,90.04843682435126,13.374131591717832,5367,0.05693449550288386,1,234.71631905746494
478,129.05375699458398,14.933081718557206,3103,0.044557039711138675,1,328.6376194622237
1278,50.213832954293984,48.284400682620934,6467,0.009981029163688045,0,0.0
529,156.80799671652923,11.928348842587074,3444,0.026095642470573388,1,100.44299255226667
1196,24.140166877620416,56.145450063479245,9442,0.006814859443491298,0,0.0
474,113.88978749469102,8.864281149269088,3263,0.02907297177042894,1,206.12454626872272
1279,58.70965175371782,51.98259480804508,9819,0.012271861536623501,0,0.0
1050,43.89614177370904,37.27074621303667,9856,0.012241308944873776,0,0.0
446,113.20563324295419,8.319844510988494,4266,0.021763504291578216,1,212.26458713184675
919,45.346290861224354,42.59627241023437,5819,0.00841795889218868,0,0.0
1178,13.642522609831222,36.955188994484274,8614,0.0113327334342033,0,0.0
512,95.90463147958965,12.246156403312362,3973,0.03851662354974059,1,232.28988208018558
448,164.78065706878564,11.773743894968518,4368,0.04068644616012771,1,149.2168384560087
1480,49.2427013953783,50.2432306388019,14793,0.01200671136661027,0,0.0
1139,29.861040477074624,36.43846749684535,7038,0.010925601625054298,0,0.0
1469,40.856871614033594,58.75232490273457,12686,0.009107791332949713,0,0.0
1161,30.745753739404126,37.829338731263505,8001,0.003482502784008139,0,0.0
1494,42.55383755674317,46.75441869760349,7532,0.007850269300876515,0,0.0
1195,31.04653677636976,51.33487448310454,6033,0.0062302538112502005,0,0.0
491,111.56017328645359,12.10332195370216,3588,0.010592959852249163,1,171.73250237494528
1495,30.04184605209771,51.819749147463604,11125,0.00557195994561536,0,0.0
1161,46.51136241823657,35.16653121759667,5937,0.0049228298150761785,0,0.0
1243,48.58451116656666,56.61694159346048,10489,0.0018054041669490753,0,0.0
390,104.12841967961116,13.80803510952263,2524,0.025717341613440046,1,239.57487179864785
1173,40.382379949600285,40.22870873624896,9151,0.0068006884656708275,0,0.0
935,25.51408585366456,42.60654582058052,6087,0.008471437351107603,0,0.0
1628,37.00323351993213,51.47135415514175,9503,0.007993285650577458,0,0.0
1106,39.49795382958255,40.324357665196494,7782,0.004797698201118502,0,0.0
1231,66.20793091029975,39.00513848461778,7589,0.00422280526565542,0,0.0
332,118.93075553107549,12.573911708603417,2552,0.047428625628583146,1,204.99940818827758
409,71.54604552283472,10.336090165011097,2457,0.03623429181703649,1,183.24284306109038
998,49.96858773465808,59.564351263534526,7530,0.009099818741041415,0,0.0
1250,42.806364044901365,40.468843270282214,7237,0.005612847009438166,0,0.0
450,95.69242688956857,9.86753013620155,3767,0.03870340267328846,1,179.40383828070236
564,126.01707591692829,16.249542806033922,4946,0.029107462692049328,1,290.57778865969567
1249,43.891591956679285,37.123727596144256,6934,0.010425078648997124,0,0.0
1146,39.46879346982455,44.952362326298164,8410,0.0076410232925805495,0,0.0
891,52.235688824186276,51.27202223448599,4772,0.012542842207161451,0,0.0
1518,50.96469233810883,43.493909319309545,12136,0.007345983106636628,0,0.0
406,140.79316821789433,9.412984749591809,2570,0.03154092719333172,1,182.03573478467916
411,125.29324665831676,10.608610245605872,3141,0.026626192103175336,1,235.86317718916075
285,108.98916482750033,10.16374603316685,2167,0.04395796218235929,1,157.03003945913997
1023,31.999614356023535,41.32274582181603,9852,0.009910724237008957,0,0.0
1253,39.36475425384645,36.361260417748106,9711,0.006574624164666191,0,0.0
416,87.8358296404318,14.136758667388033,3299,0.041763570476749085,1,186.41349800651457
434,32.35948549516178,13.208241779177037,3046,0.034623128792577625,1,106.51341690225044
1493,39.571766186884254,49.366293708258844,14559,0.010145709751673698,0,0.0
472,147.11804523258587,9.041111553720551,4202,0.046649908825639234,1,196.07058035428216
517,49.11202693374484,14.518466479573597,3325,0.041253183340215036,1,259.91842846867297
1465,17.53110666015395,46.264713802585476,13514,0.007378051711975266,0,0.0
1099,33.932997052347034,42.77964594947559,7872,0.009870577396477577,0,0.0
1078,42.11283692279473,55.330190712127035,9860,0.013416250539259343,0,0.0
846,52.000789564268615,48.37424059400697,7719,0.004406126112978014,0,0.0
1548,35.08097552493795,55.48153526464718,9202,0.006720286241508279,0,0.0
438,114.51310676685479,10.352129026056001,3731,0.02872907175227704,1,257.74987802708085
1211,46.197114459661364,52.4998199400554,7819,0.012067416018294504,0,0.0
1382,33.646376111743706,58.080531156220154,8969,0.007895175498624101,0,0.0
1284,28.103333409096386,55.49354759418129,8324,0.005278020321883204,0,0.0
1188,33.75654610286776,36.26286725257013,10250,0.009676085848765458,0,0.0
463,91.40014175223862,10.418201236664894,2848,0.03760766817483063,1,173.61731119108313
1038,33.952553354617876,42.238682356401625,5194,0.004326838179926137,0,0.0
1237,17.944339429009307,48.914036280610624,10613,0.005321680078171548,0,0.0
503,129.69237819348086,9.300847576896935,2950,0.034352277402021236,1,263.62141914082974
1240,52.748750412787224,38.28885860779411,6851,0.009152627664948386,0,0.0
1336,46.51521991339506,45.5427081113355,8268,0.00832328016635763,0,0.0
1392,28.623143295751834,28.84058134275091,9607,0.007250318792563862,0,0.0
954,37.98508466052482,56.53556004641512,7045,0.008876446526356397,0,0.0
1639,39.93478684770542,40.90100607458645,8561,0.008840707838007483,0,0.0
1353,45.987943895619104,45.446911518755975,13335,0.008876506484621979,0,0.0
1199,46.68340488718081,42.52280228809551,10293,0.008344535270833259,0,0.0
439,128.96258725097059,10.028392382664347,2910,0.041134601656718374,1,152.27806868545184
1673,40.819955564135604,22.29994846882097,11031,0.008069313038002193,0,0.0
912,44.57280404615241,44.86711726139273,6607,0.005066183493342084,0,0.0
1154,54.558223221467664,44.15344994001842,9391,0.006162731327297395,0,0.0
724,47.04506539824723,41.37090889926654,4151,0.002062943919530863,0,0.0
1238,47.89056687375519,58.80981236508506,7362,0.014080451348127177,0,0.0
1273,40.838266279293606,37.90136432915383,11836,0.01058826377585806,0,0.0
478,99.95567743383018,12.09386980412074,3006,0.034212115999197004,1,251.38593743897667
1069,44.09762795959497,47.850022309648665,7377,0.0071544654518087,0,0.0
790,31.389120898264295,55.09215402028413,7392,0.0060893705773807,0,0.0
1274,54.033699701251905,39.662487321779956,10600,0.01262764163412235,0,0.0
507,158.4304908520534,13.52805956314572,3402,0.036504744987739014,1,208.97070855244206
1081,35.569559788715175,53.768559259819185,9107,0.008343428176456337,0,0.0
1288,35.205070326007565,48.40257046664088,6566,0.007674416472305457,0,0.0
886,42.96575545140762,32.64050122658593,7692,0.010480515892127343,0,0.0
501,94.6093003502738,10.731428304621193,3731,0.04010600690410314,1,167.03379326114162
1121,41.972922656312065,48.09106123078449,10165,0.0027253733700336943,0,0.0
467,150.89882452743484,13.488371420630068,4572,0.04899417926653883,1,172.91896183454062
1047,56.999573745763804,39.56615477445636,10090,0.0050835133461700245,0,0.0
1121,50.71543152234886,21.68595208146447,10704,0.008238738639669682,0,0.0
1276,41.90635591265024,49.18578548589627,9651,0.01230253110956098,0,0.0
937,49.41310580767483,35.237434480448194,6376,0.002781724267303166,0,0.0
1120,29.674760964724605,28.86128961502071,8208,0.0055993317938002884,0,0.0
1191,43.979270499468086,22.341392600126873,10069,0.006341921138649509,0,0.0
497,120.72658370018274,11.006135949764044,4683,0.027134279084421502,1,182.98297585585485
1559,37.81954104607626,46.028939603239735,9410,0.010220376992315733,0,0.0
1029,31.52366071380915,43.194748954301986,9871,0.007479366747315838,0,0.0
1066,33.4791111140694,56.11219490370209,9675,0.009247408177161336,0,0.0
1004,29.103669626576117,50.09859746418458,9937,0.006122680868804671,0,0.0
1559,32.15238091872297,57.93040034177533,14663,0.008689773036253812,0,0.0
1310,36.29491901409971,33.85811622266403,8387,0.010333392892633145,0,0.0
1012,25.94432980821358,44.72359500836829,5599,0.005803101350788735,0,0.0
536,155.62158154694254,13.565747469897145,2985,0.04507304357473263,1,173.40342458539538
506,197.68690926055842,11.137748860849802,3268,0.03523385214658508,1,331.6193102338749
1251,30.9224381985308,43.011073169866584,10100,0.011136380721446758,0,0.0
1131,55.19283923641769,50.012909098104565,10204,0.00739574029976908,0,0.0
1050,45.107920885275945,45.36451104913519,9972,0.009143733965486296,0,0.0
1267,50.305805856240575,49.987257106239326,10290,0.00787818130496441,0,0.0
1090,33.42165446147863,50.627521065111154,5485,0.007711363213878263,0,0.0
1563,48.545252270666154,62.23942941906513,9273,0.00877679128467707,0,0.0
510,125.05382928808842,12.014356933815884,2807,0.04488608793499175,1,186.60506329207507
1507,48.90247500836509,37.471818394668965,10274,0.004251305264227985,0,0.0
1177,41.718393397935316,46.96866892253127,8840,0.012300900826453635,0,0.0
1259,45.53251219984784,38.58175978288365,6572,0.0024210108783506044,0,0.0
1366,28.24405394375148,56.855686147492285,9214,0.005945563670783312,0,0.0
1073,31.049301577233955,42.73425568843814,6331,0.007717192787705298,0,0.0
1372,45.972282182533846,40.47538905700808,11305,0.009237067907257845,0,0.0
658,30.516519957757993,41.229474230791055,4821,0.012728517583224136,0,0.0
420,158.90983639683327,14.38547033083283,3145,0.02841617282059555,1,175.14846546670458
1015,26.328621935397543,43.73802413414812,7246,0.006476917614830868,0,0.0
949,48.48174212666668,39.86666543895694,9284,0.0016194995366022036,0,0.0
1157,27.67476685231491,58.32281534098825,7027,0.008094865921730744,0,0.0
1277,45.522999376795234,38.150641274706,9685,0.008815050753500092,0,0.0
1340,46.256309336460006,45.284528592263946,11635,0.012772387226513759,0,0.0
599,112.83203702490917,14.058914963196715,4669,0.057143299425565966,1,295.03245208610434
452,108.99526764555938,13.7446307600569,4366,0.02152290769690597,1,219.66475690832402
411,108.24725552868534,9.713961375852543,2835,0.03178247296009792,1,255.32285761473221
1224,34.61158143807262,36.5591385961564,8963,0.006694255408984495,0,0.0
1387,29.91445315923792,51.582262246672016,7550,0.0037731177596238823,0,0.0
1355,20.37374308327421,37.29879190464819,10904,0.008825006894875432,0,0.0
1206,43.496500472996935,50.542152254790885,7768,0.0035236939485639085,0,0.0
530,165.63948155767355,11.69951402240348,3078,0.04257176821102023,1,203.58342769401222
1069,40.95344199441308,51.89149220506244,8258,0.0075138136938895286,0,0.0
1090,37.36551783917751,47.01053318590482,8351,0.011585532234534249,0,0.0
1136,46.79142775438196,43.1495924565624,6116,0.006559356697602802,0,0.0
1253,36.97954500510136,40.388643389321246,10644,0.008806552359202975,0,0.0
1343,36.70552213652908,56.768277526536835,10903,0.008628046572004066,0,0.0
1189,47.318707042882956,39.404038238658856,7073,0.007864867645967229,0,0.0
1203,43.35058029084117,36.703471411440034,8840,0.006702021459810224,0,0.0
360,155.6303816538469,10.298929442505912,3099,0.029447269119868287,1,165.78789097423783
525,106.06148108104821,16.970379833357782,4017,0.025124770375730056,1,164.7122218886401
1014,24.64427876792894,37.39949202027098,7081,0.004371694013122825,0,0.0
848,47.56788679986982,33.45116590264188,5612,0.011728480679980483,0,0.0
1060,46.12468794013602,41.13672128431586,8542,0.010181503966676301,0,0.0
1294,29.83316871423503,44.338279808828055,12552,0.00819767482580672,0,0.0
1059,37.55919526325799,46.94473382128559,8855,0.012995427147631345,0,0.0
1152,39.606927123723686,52.61044995439587,6192,0.007196703443825466,0,0.0
1293,38.655032155982674,49.21518338932635,9445,0.01196810965996694,0,0.0
1304,43.338599665685344,43.47302224357456,12329,0.008526722254777465,0,0.0
984,54.313667818311835,43.414434588962244,5385,0.00492574774977083,0,0.0
1399,50.81766727672829,49.08125975132147,13916,0.01354412057531255,0,0.0
405,99.66765088425446,12.665215020648395,3949,0.03194367557593205,1,238.189988618163
443,135.41723548976745,13.866256144682138,2392,0.04548203967675277,1,180.41646952479837
1035,53.2893331953541,41.24695316631673,10007,0.010181513778601848,0,0.0
448,130.51890297820677,14.130343931428772,3056,0.028996613409935132,1,224.60020270514798
1170,50.90980425185967,33.4383578847022,10797,0.010487447105178627,0,0.0
453,139.0416440568531,10.16735816185316,3216,0.03503060116738573,1,151.89293859048075
413,153.29099525868668,10.32615859240744,2980,0.04084622952486741,1,200.0111973997894
1150,42.49308595641729,49.61890820085329,9397,0.010937779232860888,0,0.0
967,50.450884740847535,43.970724429183555,8583,0.007251033385343242,0,0.0
1117,41.44887833096891,56.255477967134006,5775,0.008622626884666225,0,0.0
1206,40.23903043284955,41.127052043321456,9610,0.003959643013653696,0,0.0
1492,36.485857642862676,52.64215389765764,8855,0.01354360098710631,0,0.0
1141,55.63413358832108,44.690056840083656,7684,0.01157158893115303,0,0.0
1414,31.815713340579986,40.1331938825653,9533,0.007397944344874011,0,0.0
387,116.38856508139206,9.368368367144985,2848,0.046288474875493896,1,305.8662072185477
501,54.81991361957891,12.562018500563612,3344,0.03266393039017135,1,179.43697847582584
1256,26.006938251980586,47.85578207413541,6959,0.013947411350506783,0,0.0
807,43.67649292991422,45.65022737644959,4624,0.010861280767434062,0,0.0
1292,18.99973492348376,44.69685534626535,6676,0.014515408002189806,0,0.0
1409,46.25508016831036,64.10697594296352,10362,0.005232946012814247,0,0.0
434,125.71499039337199,16.61583250123222,4244,0.02444675841407541,1,195.69189479502526
1548,34.07644044347946,50.782615159884095,8640,0.004433176645839954,0,0.0
1371,41.235476959555825,45.89439326562711,13351,0.009325281948948438,0,0.0
1313,59.541574337502865,53.057257604773355,11385,0.008526810649413111,0,0.0
1417,34.942532957380635,49.14395821113162,11603,0.007544146629584043,0,0.0
1266,29.410924129433994,45.20963802219229,10420,0.010427775884369897,0,0.0
413,138.46102452039162,8.427249069290626,3779,0.020572852139972876,1,173.67588226025384
1100,59.625871905307946,44.35266129869849,6089,0.0034230127721394743,0,0.0
1439,40.03695671847847,19.636594112975555,10829,0.006209083916296654,0,0.0
1038,50.11463035408356,46.68480671438113,8811,0.01046043078236918,0,0.0
436,144.24173394843436,14.1395429099677,3460,0.042099327481472375,1,139.32683199235385
458,131.01861940204023,9.600604943269383,4198,0.041385433172676,1,254.87424856765819
1556,35.14694164632132,45.15475256649403,8346,0.011055612282951184,0,0.0
1536,52.30874513154735,35.48829264372031,12987,0.00413149979082806,0,0.0
1023,56.85014278708509,44.60095876697506,7848,0.007095260576626685,0,0.0
1229,45.62880860174355,36.63103131949997,8478,0.008985932077414426,0,0.0
438,110.90460651497173,12.290127491918764,2939,0.021379566291452427,1,209.2059699164085
1322,59.87061111699441,47.327578914715886,10721,0.010349466968039525,0,0.0
1301,34.690291021880356,52.66271704886614,12309,0.006293369074407893,0,0.0
1362,36.64862218828548,38.672945666443475,10191,0.012225858480337758,0,0.0
1266,43.423378344896214,45.27206476982517,11553,0.007622761107512682,0,0.0
1787,55.54160420714774,34.07982563658692,12528,0.01001381041011606,0,0.0
455,171.31840117745776,9.303905776119667,2513,0.04678843444025644,1,245.17603419017507
857,44.148655003619105,49.15096944352098,4553,0.006117379991767782,0,0.0
1121,44.63288530118106,48.966440168220565,5894,0.0018395403540323345,0,0.0
886,40.43514668643466,45.01295225085553,6116,0.009082267263991506,0,0.0
901,45.58139514518506,48.31818312631033,6027,0.008216865041374609,0,0.0
999,14.70439922305697,57.83471286646877,8587,0.009667478082725382,0,0.0
1015,37.033925409302014,42.719245943663886,8849,0.007320417582851486,0,0.0
426,149.25592889347288,7.645869907114291,2243,0.04442938619897234,1,250.4792983945597
1303,28.48985916380493,36.31098960654872,7959,0.014025419032945099,0,0.0
1098,43.8632331781156,38.05391230721334,7000,0.003582937815467667,0,0.0
1164,37.95528779013878,45.78250634474646,9007,0.010201851435092715,0,0.0
1378,57.5547569831549,53.83146837361526,7890,0.006276194425449827,0,0.0
376,140.33625958592722,12.65821355742026,2131,0.04663000969705304,1,268.18036475998497
533,100.37772950617729,14.505685268854968,5184,0.03098790793455323,1,178.07863163923633
1273,38.49162288433305,41.744918043965,11485,0.005589697177486228,0,0.0
811,39.260524343916074,40.721946633245416,4791,0.00971367263070872,0,0.0
723,35.483405238403776,47.35977164567057,5084,0.012171930787849873,0,0.0
1269,41.950249840281266,33.02193883857085,8602,0.009410040983739985,0,0.0
1298,32.4171793111241,55.24751661333382,11627,0.008310145988636285,0,0.0
1612,28.693846650624735,39.67662161496432,12178,0.00504067850270226,0,0.0
1231,46.227112239002686,50.77522788350513,6945,0.009550475797473352,0,0.0
1363,46.29529584221811,34.84001122084899,11859,0.014469048895187898,0,0.0
480,142.26382473215676,11.977815992102796,3359,0.017777430660424812,1,281.4659258720806
1259,48.95355430762599,50.37555686251598,7952,0.006872049261944402,0,0.0
1533,33.68422270834669,48.07361657604717,10546,0.006316732607057008,0,0.0
456,112.61812535610154,12.451523046223508,3418,0.039103832767868926,1,139.57588978654618
1282,48.20344012612456,46.99638551678461,8614,0.0,0,0.0
1627,39.66387435296287,35.535550522124886,10103,0.009215106157567139,0,0.0
1256,44.54740912141134,42.977893959230514,8785,0.005463343470936159,0,0.0
1530,34.835703561124284,53.235304807642606,7797,0.0031692106436245994,0,0.0
352,136.54456128121402,10.894158325265396,3124,0.025130572634984437,1,176.0323028671958
563,121.30807339117361,14.003649707363873,3298,0.012442086689052528,1,219.43236230166553
1206,32.53421653459761,37.201547392617265,6298,0.006983992838348727,0,0.0
756,38.23225836884218,50.16470169739355,6254,0.01239932717356574,0,0.0
966,24.513817011362534,45.1550499015842,8571,0.0037723526059264597,0,0.0
980,35.08846252857895,26.437475214156613,8893,0.003402205296206714,0,0.0
1364,37.15124506630329,51.26103861053215,10188,0.008807918568687016,0,0.0
477,101.64692727284144,8.3377102433233,2875,0.032340799258044485,1,157.89506551393058
1264,37.58502554129221,54.61960998386458,10986,0.0032769748468041114,0,0.0
451,107.1209332644822,7.8488239818429335,3839,0.05364048530411759,1,241.3072808020258
1167,44.79441518086064,19.586369494431995,7273,0.009742998619885077,0,0.0
